,Title of Show,Genres,No. of Seasons,TV Rating,Prime
0,Pataal Lok,Drama,1.0,TV-MA,Yes
1,Upload,Sci-fi comedy,1.0,TV-MA,Yes
2,The Marvelous Mrs. Maisel,"Drama, Comedy",3.0,TV-MA,Yes
3,Four More Shots Please,"Drama, Comedy",2.0,TV-MA,Yes
4,Fleabag,Comedy,2.0,TV-MA,Yes
5,Made in Heaven,Drama,1.0,TV-MA,Yes
6,Homecoming,Drama,2.0,TV-MA,Yes
7,Mirzapur,Drama,1.0,TV-MA,Yes
8,The Family Man,"Drama, Action",1.0,TV-MA,Yes
9,Modern Love,"Drama, Romance, Comedy",1.0,TV-MA,Yes
10,Comicstaan,"Arts, Entertainment, Culture",2.0,TV-MA,Yes
11,Inside Edge,"Sports, Drama",2.0,TV-MA,Yes
12,The Boys,"Action, Comedy",2.0,TV-MA,Yes
13,Hanna,"Drama, Action",2.0,TV-MA,Yes
14,Hunters,"Drama, Action, Suspense",1.0,TV-MA,Yes
15,Good Omens,"Fantasy, Comedy",1.0,TV-MA,Yes
16,Breathe,"Drama, Suspense",1.0,TV-MA,Yes
17,The Forgotten Army- Azaadi ke Liye,"Drama, Action",1.0,TV-MA,Yes
18,Tom Clancy's Jack Ryan,"Drama, Action, Suspense",2.0,TV-MA,Yes
19,Tales from the Loop,Sci-fi ,1.0,TV-MA,Yes
20,The Test: A New Era for Australia's Team,Documentary,1.0,TV-MA,Yes
21,The Man in the High Castle,"Drama, Suspense",4.0,TV-MA,Yes
22,One Mic Stand,Comedy,1.0,TV-MA,Yes
23,Undone,"Animation, Drama",1.0,TV-MA,Yes
24,American Gods,"Sci-fi, Drama, Suspense",2.0,TV-MA,Yes
25,The Tick,"Comedy, Action",2.0,TV-MA,Yes
26,Jestination Unknown,"Comedy, Arts, Entertainment, Culture",1.0,TV-MA,Yes
27,Man with a Plan,Drama,4.0,TV-G,Yes
28,Suits,Drama,8.0,TV-MA,Yes
29,Doctor Who,Sci-fi,13.0,TV-G,Yes
30,Grey's Anatomy,Drama,15.0,TV-MA,Yes
31,The Mentalist,Drama,7.0,TV-MA,Yes
32,Afsos,"Drama, Comedy",1.0,TV-MA,Yes
33,Laakhon Mein Ek,Drama,2.0,TV-MA,Yes
34,House,Drama,8.0,TV-MA,Yes
35,The Good Doctor,Drama,3.0,TV-MA,Yes
36,The Vampire Diaries,"Drama, Horror, Romance, Suspense",8.0,TV-MA,Yes
37,Hostel Daze,"Drama, Comedy",1.0,TV-MA,Yes
38,Mr. Robot,"Drama, Suspense",3.0,TV-MA,Yes
39,Supernatural,"Drama, Suspense, Horror",15.0,TV-MA,Yes
40,Dexter,Drama,8.0,TV-MA,Yes
41,The Magicians,"Drama, Suspense, Fantasy",2.0,TV-MA,Yes
42,Blindspot,Drama,5.0,TV-MA,Yes
43,The Good Wife,Drama,7.0,TV-MA,Yes
44,The Girlfriend Experience,Drama,3.0,TV-MA,Yes
45,Chacha Vidhayak Hain Humare,"Drama, Comedy",1.0,TV-MA,Yes
46,Scorpion,Drama,4.0,TV-14,Yes
47,Shameless,"Comedy, Drama",10.0,TV-MA,Yes
48,Reign,Drama,4.0,TV-MA,Yes
49,Downtown Abbey,Drama,6.0,TV-7,Yes
50,McMafia,Drama,1.0,TV-14,Yes
51,This is Us,Drama,3.0,TV-MA,Yes
52,Malgudi Days Swami & Friends 1,Drama,4.0,TV-7,Yes
53,Nikita,"Drama, Action",4.0,TV-MA,Yes
54,Carnival Row,"Drama, Fantasy",1.0,TV-MA,Yes
55,Legacies,Drama,2.0,TV-MA,Yes
56,Bates Motel,"Drama, Horror, Suspense",5.0,TV-MA,Yes
57,The Exorcist,Drama,2.0,TV-MA,Yes
58,The Night Manager,"Drama, Suspense",1.0,TV-MA,Yes
59,The Originals,"Drama, Horror, Fantasy",5.0,TV-MA,Yes
60,The Purge,"Drama, Horror, Suspense",2.0,TV-MA,Yes
61,Deception,Drama,1.0,TV-14,Yes
62,The Last Ship,"Drama, Suspense, Action",5.0,TV-MA,Yes
63,Treadstone,Drama,1.0,TV-MA,Yes
64,The Terror,"Drama, Suspense, Adventure",2.0,TV-MA,Yes
65,Manifest,Drama,2.0,TV-MA,Yes
66,Pushpavalli,"Drama, Comedy",2.0,TV-MA,Yes
67,Fringe,Sci-fi,5.0,TV-MA,Yes
68,Person of Interest,"Drama, Action, Suspense",5.0,TV-MA,Yes
69,The Affair,Drama,5.0,TV-MA,Yes
70,The American Playboy: The Hugh Hefner Story,"Drama, Documentary",1.0,TV-MA,Yes
71,The Widow,"Drama, Suspense",1.0,TV-MA,Yes
72,God Friended Me,"Drama, Comedy",2.0,TV-G,Yes
73,Star Trek: Picard,Sci-fi,1.0,TV-MA,Yes
74,Fear the Walking Dead,"Drama, Horror",5.0,TV-MA,Yes
75,Taken,"Drama, Action",2.0,TV-MA,Yes
76,Bosch,Drama,6.0,TV-MA,Yes
77,Elementary,"Drama, Suspense",7.0,TV-MA,Yes
78,Beauty and the Beast,"Drama, Sci-fi",4.0,TV-MA,Yes
79,NCIS,"Drama, Action",17.0,TV-MA,Yes
80,Masters of Sex,Fantasy,4.0,TV-MA,Yes
81,Into the Badlands,"Drama, Action, Sci-fi",3.0,TV-MA,Yes
82,Vella Raja,Action,1.0,TV-MA,Yes
83,Bang Baaja Baaraat,Drama,1.0,TV-MA,Yes
84,Covert Affairs,"Drama, Action",5.0,TV-14,Yes
85,The Handmaid's Tale,Drama,3.0,TV-MA,Yes
86,Gangstars,"Drama, Suspense",1.0,TV-14,Yes
87,Madam Secretary,Drama,5.0,TV-14,Yes
88,Marvel's Runaways,"Drama, Sci-fi",3.0,TV-MA,Yes
89,One Tree Hill,Drama,9.0,TV-14,Yes
90,Absentia,"Drama, Suspense",2.0,TV-MA,Yes
91,Grimm,"Drama, Action, Adventure",6.0,TV-MA,Yes
92,Heroes,"Drama, Sci-fi",4.0,TV-MA,Yes
93,Startup,Drama,3.0,TV-MA,Yes
94,Extant,Drama,2.0,TV-MA,Yes
95,Goliath,Drama,3.0,TV-MA,Yes
96,Station 19,Drama,3.0,TV-MA,Yes
97,Diablo Guardian,Drama,2.0,TV-MA,Yes
98,Lethal Weapon,"Drama, Action",3.0,TV-MA,Yes
99,Chernobyl: Aftermath,Drama,1.0,TV-14,Yes
100,Blue Bloods,Drama,10.0,TV-MA,Yes
101,Patriot,"Drama, Suspense",2.0,TV-MA,Yes
102,Rizzoli and Isles,"Drama, Action",7.0,TV-MA,Yes
103,Luther,Drama,5.0,TV-MA,Yes
104,Dispatches from Elsewhere,"Drama, Suspense",1.0,TV-MA,Yes
105,Mad Men,Drama,7.0,TV-MA,Yes
106,The Looming Tower,"Drama, Suspense",1.0,TV-MA,Yes
107,Siyaasat,Drama,1.0,TV-14,Yes
108,Mafia Undercover,Drama,2.0,TV-MA,Yes
109,The Baker and The Beauty,"Drama, Romance",2.0,TV-14,Yes
110,"Roswell, New Mexico",Drama,2.0,TV-G,Yes
111,Pretty Little Liars: The Perfectionists,Drama,1.0,TV-14,Yes
112,Major Crimes,Drama,6.0,TV-MA,Yes
113,Happy Marriage!?,"Drama, Romance",1.0,TV-14,Yes
114,The Crossing,"Drama, Sci-fi",1.0,TV-G,Yes
115,Famous in Love,"Drama, Romance",2.0,TV-G,Yes
116,Rush,Drama,4.0,TV-MA,Yes
117,Whiskey Cavalier,"Drama, Comedy, Action",1.0,TV-14,Yes
118,Hawaii Five-O,"Drama, Action",10.0,TV-MA,Yes
119,Penny Dreadful,"Drama, Horror",3.0,TV-G,Yes
120,You are Wanted,Drama,3.0,TV-14,Yes
121,H.G. Wells: The Invisible Man,"Drama, Sci-fi, Suspense, Action",2.0,TV-7,Yes
122,Parenthood,"Drama, Comedy",6.0,TV-MA,Yes
123,Marvel's Cloak & Dagger,"Drama, Fantasy",2.0,TV-MA,Yes
124,Preacher,Drama,4.0,TV-MA,Yes
125,The Trial: A Murder in the Family,Drama,1.0,TV-MA,Yes
126,Claws,Drama,3.0,TV-G,Yes
127,The Good Fight,Drama,3.0,TV-MA,Yes
128,Sneaky Pete,Drama,3.0,TV-MA,Yes
129,Shaktimaan,Drama,5.0,TV-MA,Yes
130,American Woman,"Drama, Comedy",1.0,TV-G,Yes
131,Hap and Leonard,"Drama, Suspense",3.0,TV-MA,Yes
132,Chicago Med,Drama,4.0,TV-G,Yes
133,Murder in the First,Drama,3.0,TV-MA,Yes
134,House of Lies,"Drama, Comedy",5.0,TV-MA,Yes
135,The Missing,Drama,2.0,TV-MA,Yes
136,Dance Academy,Drama,3.0,TV-7,Yes
137,A very English Scandal,Drama,1.0,TV-MA,Yes
138,Mozart in the Jungle,"Drama, Comedy",4.0,TV-MA,Yes
139,21 Jump Street,Drama,5.0,TV-MA,Yes
140,The Romanoffs,Drama,1.0,TV-MA,Yes
141,El Presidente,Drama,1.0,TV-G,Yes
142,Ray Donovan,Drama,6.0,TV-G,Yes
143,The Neighbors,Drama,2.0,TV-MA,Yes
144,Training Day,"Drama, Action",1.0,TV-MA,Yes
145,Flesh and Bone,"Drama, LGBTQ, Arts, Entertainment, Culture",1.0,TV-MA,Yes
146,Injustice,Drama,1.0,TV-14,Yes
147,Tokyo Girl,"Drama, Comedy",1.0,TV-14,Yes
148,Z: The Beginning of Everything,Drama,1.0,TV-MA,Yes
149,Guilt,Drama,1.0,TV-G,Yes
150,Good Girls Revolt,Drama,1.0,TV-MA,Yes
151,Hand of God,Drama,2.0,TV-MA,Yes
152,The Rook,Drama,1.0,TV-MA,Yes
153,Time After Time,"Drama, Sci-fi",1.0,TV-MA,Yes
154,Life,Drama,2.0,TV-G,Yes
155,Hunter,Drama,7.0,TV-MA,Yes
156,The Missing,Drama,2.0,TV-MA,Yes
157,Fukuyadou Honpo-Kyoto Love Story,"Drama, Romance",1.0,TV-14,Yes
158,Collision,Drama,1.0,TV-14,Yes
159,Presumed Guilty,Drama,1.0,TV-MA,Yes
160,Deutschland,Drama,1.0,TV-MA,Yes
161,Lore,Horror,2.0,TV-MA,Yes
162,Tokyo Alice,Drama,1.0,TV-14,Yes
163,Warrior's Way,Drama,1.0,TV-14,Yes
164,Silk Stalkings,Drama,4.0,TV-MA,Yes
165,Transparent,"Drama, Comedy, LGBTQ",5.0,TV-MA,Yes
166,The Last Tycoon,Drama,1.0,TV-MA,Yes
167,Too Old to Die Young,Drama,1.0,TV-MA,Yes
168,4 Blocks,Drama,2.0,TV-MA,Yes
169,Haunted,Drama,1.0,TV-14,Yes
170,Lodge 49,"Drama, Comeddy",1.0,TV-MA,Yes
171,The First,"Drama, Sci-fi",1.0,TV-MA,Yes
172,Black sun,Drama,1.0,TV-MA,Yes
173,Life Sentence,Drama,1.0,TV-MA,Yes
174,Shackleton: Trapped in the South Pole,Drama,1.0,TV-MA,Yes
175,Final Life,Drama,1.0,TV-MA,Yes
176,Falling Water,"Drama, Sci-fi",2.0,TV-MA,Yes
177,"Midnight, Texas",Drama,2.0,TV-G,Yes
178,The Idolm@aster.kr,Drama,1.0,TV-14,Yes
179,Inside Borussia Dortmund,"Drama, Documentary",1.0,TV-G,Yes
180,All American,"Drama, Sports",2.0,TV-G,Yes
181,Almirante Hotel,Drama,1.0,TV-14,Yes
182,The Collection,Drama,1.0,TV-MA,Yes
183,Beat,Drama,1.0,TV-MA,Yes
184,Coloner March of Scotland Yard,Drama,1.0,TV-7,Yes
185,New Worlds,Drama,1.0,TV-MA,Yes
186,Missing Evidence,Drama,1.0,TV-G,Yes
187,Deadly Game,Drama,1.0,TV-MA,Yes
188,Feed the Beast,Drama,1.0,TV-MA,Yes
189,The Commish,Drama,4.0,TV-MA,Yes
190,Water Rats,Drama,7.0,TV-MA,Yes
191,The Incredible Journey of Mary Bryant,Drama,1.0,TV-MA,Yes
192,Dietland,"Drama, Comedy",1.0,TV-MA,Yes
193,One Mississippi,Drama,2.0,TV-MA,Yes
194,Roadies,"Drama, Comedy",1.0,TV-MA,Yes
195,Lifeline,Drama,1.0,TV-14,Yes
196,The Secrets of Borgo Lairci,Drama,1.0,TV-MA,Yes
197,MAGI The Tensho Boys' Embassy,Drama,1.0,TV-MA,Yes
198,Stingray,Drama,2.0,TV-MA,Yes
199,Tucker's Witch,Drama,1.0,TV-MA,Yes
200,Extrano Enemigo,Drama,1.0,TV-MA,Yes
201,The Cecil B. DeMille Classics Collection,Drama,1.0,TV-14,Yes
202,The Path,Drama,3.0,TV-MA,Yes
203,Girlfriends Guide to Divorce,Comedy,5.0,TV-G,Yes
204,Lorena,Documentary,1.0,TV-MA,Yes
205,When We Go to War,Drama,1.0,TV-MA,Yes
206,Peter Gunn,Drama,3.0,TV-14,Yes
207,Queen Sugar,Drama,4.0,TV-G,Yes
208,Alone Together,Comedy,2.0,TV-MA,Yes
209,Booker,Drama,1.0,TV-MA,Yes
210,Casanova: PBS Masterpiece Theatre- The Complete Series,Drama,1.0,TV-MA,Yes
211,Mr. Lucky,Drama,1.0,TV-14,Yes
212,The Lives of the Saints,Drama,1.0,TV-14,Yes
213,Neon Rider,Drama,5.0,TV-MA,Yes
214,The Ray Bradbury Theatre,Drama,6.0,TV-14,Yes
215,Silver and Gold,Drama,1.0,TV-MA,Yes
216,An Unknown Enemy,Drama,1.0,TV-MA,Yes
217,Black Harbour,Drama,2.0,TV-14,Yes
218,Family Pictures,Drama,1.0,TV-14,Yes
219,To the Ends of the Earth (BBC Series),Drama,1.0,TV-14,Yes
220,The Red Line,Drama,1.0,TV-G,Yes
221,Your brush with Nature,Drama,1.0,TV-G,Yes
222,The Last Ship,"Drama, Suspense, Action",5.0,TV-MA,Yes
223,Constantine,"Sci-fi, Action, Suspense ",1.0,TV-MA,Yes
224,Super Wings,Kids,3.0,TV-G,Yes
225,Lockout,Action,1.0,TV-MA,Yes
226,Lost in Oz,Kids,2.0,TV-7,Yes
227,Journey with Dylan Dreyer,Action,1.0,TV-14,Yes
228,Vir the Robot Boy,Kids,2.0,TV-7,Yes
229,Forensic Files,Documentary,20.0,TV-14,Yes
230,Highway on my Plate,Adventure,1.0,TV-G,Yes
231,The Lost World,Action,3.0,TV-14,Yes
232,T-Buster,Kids,1.0,TV-G,Yes
233,Tobot,Kids,4.0,TV-7,Yes
234,Tropical Heat,Action,3.0,TV-MA,Yes
235,Amazon Riders,Action,2.0,TV-14,Yes
236,Hitler's Eastern Front,Action,1.0,TV-14,Yes
237,Full Disclosure,Action,2.0,TV-MA,Yes
238,Conviction,Action,1.0,TV-14,Yes
239,Junior G,Action,2.0,TV-7,Yes
240,U.S Bounty Hunters,Action,2.0,TV-MA,Yes
241,Legacy,Action,1.0,TV-14,Yes
242,The Adventures of Robin Hood,Adventure,4.0,TV-14,Yes
243,Skulls and Roses,Action,1.0,TV-MA,Yes
244,Caribbean Thunder,Action,1.0,TV-14,Yes
245,The New Adventures of Flash Gordon,Action,1.0,TV-7,Yes
246,Renegade,Action,5.0,TV-MA,Yes
247,Strike Force,Action,2.0,TV-MA,Yes
248,The Harbor: Aberdeen,Action,2.0,TV-14,Yes
249,Teen Wolf,Action,2.0,TV-7,Yes
250,The Buccaneers,Action,1.0,TV-14,Yes
251,Cocomong,Kids,2.0,TV-G,Yes
252,Vancy Derringer,Action,1.0,TV-14,Yes
253,Shark Man,Action,1.0,TV-14,Yes
254,Bhoot and Friends,Kids,1.0,TV-7,Yes
255,The Greatest American Hero,Action,3.0,TV-MA,Yes
256,Space Precinct: Complete Series,Action,1.0,TV-14,Yes
257,Which Way To ,Action,2.0,TV-G,Yes
258,Young Sheldon,Comedy,3.0,TV-14,Yes
259,The Big Bang Theory,Comedy,12.0,TV-14,Yes
260,The Office,Comedy,9.0,TV-14,Yes
261,Mr. Bean,Comedy,1.0,TV-MA,Yes
262,Mind the Malhotras,Comedy,1.0,TV-MA,Yes
263,Mr. Bean: The Animated Series,Comedy,3.0,TV-14,Yes
264,2 Broke Girls,Comedy,6.0,TV-MA,Yes
265,The Stinky & Dirty Show,"Kids, Animation",2.0,TV-G,Yes
266,Joey,Comedy,1.0,TV-7,Yes
267,Two and a Half Men,Comedy,12.0,TV-MA,Yes
268,Selfie with Bajrangi,Kids,2.0,TV-G,Yes
269,Russell Peters: Deported,Comedy,1.0,TV-MA,Yes
270,Classic Popeye,Animation,2.0,TV-G,Yes
271,Inspector Chingum,Kids,2.0,TV-7,Yes
272,Eeena Meena Deeka,Kids,1.0,TV-7,Yes
273,Psych,Comedy,8.0,TV-14,Yes
274,Mom,Comedy,7.0,TV-MA,Yes
275,Yeh Jo hain Zindagi,Comedy,1.0,TV-14,Yes
276,Oggy and the Cockroaches,Kids,7.0,TV-7,Yes
277,The Kicks,"Sports, Drama",1.0,TV-G,Yes
278,The PowerPuff Girls,"Kids, Animation",5.0,TV-G,Yes
279,The Middle,Comedy,9.0,TV-7,Yes
280,Zabaan Sambhalke,Comedy,1.0,TV-14,Yes
281,Seinfeld,Comedy,9.0,TV-14,Yes
282,Parks and Recreation,Comedy,7.0,TV-14,Yes
283,Chaplin & Co,Comedy,1.0,TV-7,Yes
284,Shaitaan Haveli,Comedy,1.0,TV-MA,Yes
285,The Fresh Prince of Bel-Air,Comedy,6.0,TV-7,Yes
286,Jimmy O. Yang: Good Deal,"Arts, Entertainment, Culture",1.0,TV-MA,Yes
287,Cat vs Keet,Kids,1.0,TV-G,Yes
288,Citizen Khan,Comedy,5.0,TV-7,Yes
289,Chuck,Comedy,5.0,TV-MA,Yes
290,The Mindy Project,Comedy,6.0,TV-MA,Yes
291,Curious George,Kids,1.0,TV-G,Yes
292,Johnny Bravo,Kids,4.0,TV-7,Yes
293,Californication,Comedy,7.0,TV-MA,Yes
294,Sigmund and the Sea Monsters,Kids,1.0,TV-G,Yes
295,Casual,Comedy,4.0,TV-MA,Yes
296,Munki and Trunk,Kids,1.0,TV-G,Yes
297,Anger Management,Comedy,5.0,TV-14,Yes
298,Jean Claude Van Johnson,Comedy,1.0,TV-MA,Yes
299,Best of AIB,Comedy,1.0,TV-MA,Yes
300,Forever,Comedy,1.0,TV-MA,Yes
301,Dennis the Menace,Kids,2.0,TV-G,Yes
302,Yes Minister: Specials,Comedy,4.0,TV-G,Yes
303,I love Dick,Comedy,1.0,TV-MA,Yes
304,Raja aur Rancho,Comedy,1.0,TV-14,Yes
305,Dilruk Jayasinha: Bundle of Joy,"Arts, Entertainment, Culture",1.0,TV-MA,Yes
306,"Yes, Prime Minister",Comedy,2.0,TV-G,Yes
307,Going Viral Pvt. Ltd.,Comedy,1.0,TV-G,Yes
308,PAC-MAN and the Ghostly Adventures,Animation,2.0,TV-7,Yes
309,El Juego de las Llaves,Comedy,1.0,TV-MA,Yes
310,Desperate Widows,"Drama, Comedy",1.0,TV-MA,Yes
311,Coupling,Comedy,4.0,TV-MA,Yes
312,Trial and Error,Comedy,2.0,TV-14,Yes
313,Man's World,Comedy,1.0,TV-14,Yes
314,Anne Edmonds: What's Wrong with You?,"Arts, Entertainment, Culture",1.0,TV-MA,Yes
315,Red Oaks,Comedy,3.0,TV-MA,Yes
316,Censhorship in the Future,Comedy,1.0,TV-G,Yes
317,Alice Wettlund: My Mama is a Human and So Am I,Comedy,1.0,TV-MA,Yes
318,Die Trying,Comedy,1.0,TV-MA,Yes
319,That Girl,Comedy,5.0,TV-7,Yes
320,Little Big Awesome,Kids,2.0,TV-G,Yes
321,Celia Pacquola: All Talk,Comedy,1.0,TV-MA,Yes
322,Tommy Little: Self-Diagnosed Genius,"Arts, Entertainment, Culture",1.0,TV-MA,Yes
323,Bananas in Pyjamas,Kids,2.0,TV-G,Yes
324,The New Archie's,Kids,1.0,TV-7,Yes
325,The Simple Life,Comedy,4.0,TV-MA,Yes
326,The Detour,Action,4.0,TV-MA,Yes
327,Splitting Up Together,Comedy,2.0,TV-MA,Yes
328,Paul Chowdhry: Live Innit,"Arts, Entertainment, Culture",1.0,TV-MA,Yes
329,Danger and Eggs,Comedy,1.0,TV-G,Yes
330,EIC vs The World,Comedy,1.0,TV-MA,Yes
331,SNG: What if,Comedy,1.0,TV-G,Yes
332,Living Biblically,Comedy,1.0,TV-G,Yes
333,Kanan Gill: How Insensitive,Comedy,1.0,TV-G,Yes
334,Jim Gaffigan: Quality Time,Comedy,1.0,TV-14,Yes
335,Angie Tribeca,Comedy,4.0,TV-MA,Yes
336,Inside Jokes,"Arts, Entertainment, Culture",1.0,TV-MA,Yes
337,Alice Fraser: Savage,Comedy,1.0,TV-MA,Yes
338,Judith Lucy: Judith Lucy vs Men,Comedy,1.0,TV-MA,Yes
339,Zoe Coombs Marr: Bossy Bottom,Comedy,1.0,TV-MA,Yes
340,The Grand Tour,Sports,4.0,TV-MA,Yes
341,The Adventures of Rocky and Bullwinkle,Kids,2.0,TV-G,Yes
342,The Adventures of Paddington Bear,Kids,3.0,TV-G,Yes
343,Chacha Bhatija,Kids,2.0,TV-7,Yes
344,Lexx,Sci-fi,4.0,TV-14,Yes
345,Atchoo,Kids,1.0,TV-G,Yes
346,Tom Gleeson: Joy,Comedy,1.0,TV-MA,Yes
347,People of Earth,Comedy,2.0,TV-G,Yes
348,Son of Abish,"Arts, Entertainment, Culture",1.0,TV-14,Yes
349,Tom Walker: Very Very,Comedy,1.0,TV-MA,Yes
350,Jayde Adams: Serious Black Jumper,Comedy,1.0,TV-MA,Yes
351,Crisis in Six Scenes,Comedy,1.0,TV-MA,Yes
352,Alonzo Bodden: Heavy Lightweight,Comedy,1.0,TV-MA,Yes
353,Chris Ramsey: Approval Needed,"Arts, Entertainment, Culture",1.0,TV-MA,Yes
354,LOL: Australia,Comedy,1.0,TV-G,Yes
355,#IMomSoHard Live,Comedy,1.0,TV-MA,Yes
356,Caligula,Comedy,1.0,TV-14,Yes
357,Lano & Woodley: Fly,Comedy,1.0,TV-MA,Yes
358,The Late Show with James Corden,Comedy,2.0,TV-G,Yes
359,Spaced,Comedy,2.0,TV-MA,Yes
360,Random Gappa,Comedy,1.0,TV-G,Yes
361,Rob Delaney: Jackie,Comedy,1.0,TV-MA,Yes
362,Mike E. Winfield: StepMan,Comedy,1.0,TV-MA,Yes
363,Ed Gamble: Blood Sugar,"Arts, Entertainment, Culture",1.0,TV-MA,Yes
364,Mini Ninjas,Comedy,1.0,TV-G,Yes
365,Loudermilk,Comedy,2.0,TV-MA,Yes
366,Flo and Joan: Alive on Stage,"Arts, Entertainment, Culture",1.0,TV-MA,Yes
367,Ilana Glazer: The Planet is Burning,Comedy,1.0,TV-MA,Yes
368,Scream Street,Kids,1.0,TV-G,Yes
369,"Me, Myself and I",Comedy,1.0,TV-G,Yes
370,Kung Fu Bunny,Kids,1.0,TV-14,Yes
371,The Kacey Musgraves Christmas Show,Comedy,1.0,TV-7,Yes
372,Simon's Cat- Classic Collection,Comedy,1.0,TV-G,Yes
373,The Danny Thomas Show,Comedy,3.0,TV-G,Yes
374,Hitoshi Matsumoto Presents Documental,Comedy,3.0,TV-MA,Yes
375,Businessmen VS Aliens,Comedy,1.0,TV-14,Yes
376,Murphy Brown,Comedy,1.0,TV-G,Yes
377,The Best of Groucho,Comedy,1.0,TV-7,Yes
378,WassUp With You,Comedy,2.0,TV-14,Yes
379,Scooter: Secret Agent,Comedy,1.0,TV-G,Yes
380,LOL: Last one Laughing,Comedy,2.0,TV-MA,Yes
381,Faireez,Comedy,1.0,TV-G,Yes
382,A New Kind Of Magic,Comedy,2.0,TV-G,Yes
383,The Real McCoys,Comedy,6.0,TV-G,Yes
384,Uchimura Summers,"Arts, Entertainment, Culture",1.0,TV-14,Yes
385,Paprika,Kids,1.0,TV-G,Yes
386,Gattu- The Power Champ,Kids,2.0,TV-7,Yes
387,Still Standing,Comedy,4.0,TV-14,Yes
388,Chris Tall Presents�,Comedy,1.0,TV-MA,Yes
389,Short Poppies,Comedy,1.0,TV-14,Yes
390,The 2018 Rose Parade Hosted by Cord & Tish,Comedy,1.0,TV-G,Yes
391,Aliens Love Underpants And�,Kids,1.0,TV-G,Yes
392,Gina Brillon: The Floor is Lava,Comedy,1.0,TV-MA,Yes
